{
	"Name": "Fan",
	"Degree": 3,
	"Dimension": 2,
	"NumberControlPoints": 89,
	"IsHomogeneous": false,
	"ControlPoints": [-16.0688, -8.56608,  4.20099,   14.584,  15.6302,   12.944,  12.3731,  8.01773,  8.24692,
		9.04768,  10.5483, 12.0942,  13.8624,  16.6355,  21.2439,  25.8168,  29.7415,  33.5832,  37.4758,  41.4211,
		47.1782,  53.2413,  57.8793,  58.2287, 55.4536,  48.245,  38.205, 28.6949, 19.6544, 14.1045, 10.5658,
		8.91354, 8.28019,  8.3294, 8.48921, 9.76813, 12.1774, 18.4424, 24.8936, 29.8968, 32.6271, 33.8939, 33.2754,
		26.2723, 16.0052, 3.37212, -7.5564, -14.5824, -15.6308, -12.9438, -12.3731, -8.01773, -8.24692, -9.04768,
		-10.5483, -12.0942, -13.8624, -16.6355, -21.2438, -25.8194, -29.7323, -33.592, -37.473, -41.5005, -46.7397,
		-54.2717, -57.5509, -58.2687, -55.4463, -48.2469, -38.2043, -28.6952, -19.6544, -14.1045, -10.5658, -8.91354,
		-8.28019,  -8.3294, -8.48921, -9.76813, -12.1774, -18.4425, -24.8933, -29.8971, -32.6265,  -33.896, -32.7915,
		-20.2173, -16.0688, 
		-56.985, -57.9527, -58.8589, -48.2495, -38.2033, -28.6956, -19.6544, -14.1045, -10.5658, -8.91354, -8.28019,
		-8.3294, -8.48921, -9.76813, -12.1774, -18.4424, -24.8936, -29.8968, -32.6271, -33.8939, -33.2754, -26.2723,
		-16.0052, -3.37212,  7.5564, 14.5824, 15.6308, 12.9438, 12.3731, 8.01773, 8.24692, 9.04768, 10.5483, 12.0942,
		13.8624, 16.6355, 21.2439, 25.8168, 29.7415, 33.5832, 37.4758, 41.4211, 47.1782, 53.2413, 57.8793, 58.2287,
		55.4536,   48.245,   38.205,  28.6949,  19.6544,  14.1045,  10.5658,  8.91354,  8.28019,   8.3294,  8.48921,  9.76815,
		12.1769,  18.4534,  24.8547, 29.9339, 32.5615,  34.1873,   31.554,  28.5557,  15.1492,  3.47012, -7.57444, -14.5775,
		-15.6326,  -12.943, -12.3732, -8.01773, -8.24692, -9.04768, -10.5483, -12.0942, -13.8624, -16.6355, -21.2439,
		-25.8168, -29.7415, -33.5832, -37.4757, -41.4214, -51.4744,    -55.0,  -56.985],
	"KnotVector": [0, 0, 0, 0, 0.0432401, 0.0584708, 0.0741122, 0.094118, 0.110786, 0.122907, 0.126725, 0.129404,
		0.132131, 0.134808, 0.137603, 0.141497, 0.150789, 0.165486, 0.180526, 0.191608, 0.198592, 0.205474, 0.213222,
		0.228085, 0.250152, 0.274019, 0.293353, 0.308584, 0.324225, 0.344231, 0.360898, 0.37302, 0.376837, 0.379517,
		0.382243, 0.384921, 0.387716, 0.39161, 0.400902, 0.415599, 0.430639, 0.44172, 0.448705, 0.455587, 0.463335,
		0.478198, 0.500265, 0.524132, 0.543466, 0.558696, 0.574338, 0.594343, 0.611011, 0.623132, 0.62695, 0.629629,
		0.632356, 0.635033, 0.637829, 0.641722, 0.651015, 0.665712, 0.680752, 0.691833, 0.698817, 0.705798, 0.713395,
		0.728108, 0.749926, 0.773794, 0.793127, 0.808358, 0.823999, 0.844005, 0.860673, 0.872794, 0.876612, 0.879291,
		0.882018, 0.884695, 0.88749, 0.891384, 0.900676, 0.915374, 0.930414, 0.941495, 0.948479, 0.955361, 0.963109,
		1.0, 1.0, 1.0, 1.0]
}